dataMatrix	HU_017	HU_028	HU_034	HU_051	HU_060	HU_078	HU_091	HU_093	HU_099	HU_110	HU_130	HU_134	HU_138	HU_149	HU_152	HU_175	HU_178	HU_185	HU_204	HU_208
HMDB03193	76043	412165	44943	27242	436566	173175	242549	57066	559869	3732	339188	471368	262271	127285	451270	212500	79673	NA	891129	43907
HMDB01101	30689	6877586	52217	3158	10789748	229568	4763576	3878773	976436	831937	608298	1605075	72021	442510	1107705	1464339	31250	2724553	891129	32742
HMDB01101	6877586	52217	3158	10789748	229568	4763576	3878773	976436	831937	608298	1605075	72021	442510	1107705	1464339	31250	2724553	72900	891129	30689
HMDB10348	47259	544877	60885	34582	529874	168264	176500	76457	610110	16262	279156	524468	451573	591487	433529	161069	214392	13781	891129	39315
HMDB59717	357351	1030464	301983	67604	306862	1028110	1530493	270027	1378535	289677	808334	1132813	871209	895435	715190	1563158	784738	146195	891129	239030
HMDB00822	14627	14627	14627	14627	14627	14627	14627	14627	14627	14627	14627	14627	14627	14627	14627	14627	14627	14627	14627	14627
HMDB00299	250551	1046138	456162	159386	1013302	808657	614370	250403	768004	242085	504108	1014041	1362408	1057660	1110050	566050	411886	142233	891129	284775
HMDB00191	560002	771533	575790	392284	888498	785428	645785	591569	960658	910201	639437	1092885	1409045	2292023	1246459	1945577	710519	773384	891129	622898
HMDB00518	-34236	58249	85944	NA	342102	129886	175800	13154	230242	NA	440223	315368	10657	419508	48673	28361	514579	23108	891129	73831
HMDB00715	1252089	2547452	905408	371059	4983588	5140022	2658555	814523	2558923	859466	4184204	3865723	3236644	2615560	3820724	3577833	2295288	625924	891129	1341900
HMDB01032	2569205	26023086	1604999	430453	8103558	26222916	257139	675754	59906109	263055	31151730	18648127	14989438	1554658	20249262	5588731	871010	15920	891129	44276
HMDB00208	747080	13420742	595872	1172376	7172632	3143654	4059767	1433702	5593888	5402629	2477288	3346077	4230072	7621236	8960828	10335722	7037373	1574738	891129	2540044
HMDB04824	374028	1144386	539206	178517	1046190	959381	605191	310260	1253319	477259	477995	825691	1157093	1089284	1411802	1020206	782673	346761	891129	387811
HMDB00512	NA	319783	280560	85009	1333877	556003	590779	209285	342532	198512	569970	525240	246282	1140422	542345	1171008	827723	222953	891129	85554
HMDB00251	368600	616555	94936	622468	180988	293988	352855	767894	268331	167246	310918	1248919	577184	10985	335711	403815	80614	63393	891129	616061
